Date,Close,SimpleReturn,LogReturn
2023-04-03,4124.51,0.0036989178231867604,0.0036920936495169103
2023-04-04,4100.6,-0.005797052255904321,-0.00581392038520821
2023-04-05,4090.38,-0.00249231819733708,-0.00249542919247034
2023-04-06,4105.02,0.00357912956742412,0.0035727397253701603
2023-04-10,4109.11,0.000996341065329531,0.000995845047011905
2023-04-11,4108.9400000000005,-4.1371489203245696e-05,-4.13723450269097e-05
2023-04-12,4091.9500000000003,-0.00413488636972059,-0.00414345865079835
2023-04-13,4146.22,0.0132626253986488,0.013175446748329999
2023-04-14,4137.64,-0.0020693547375682003,-0.0020714988104921003
2023-04-17,4151.32,0.0033062325383550503,0.0033007789687629803
2023-04-18,4154.87,0.0008551496873283601,0.0008547842551524591
2023-04-19,4154.52,-8.42384960297871e-05,-8.42420442911619e-05
2023-04-20,4129.79,-0.00595255288216223,-0.0059703399458197
2023-04-21,4133.52,0.000903193624857579,0.000902785990925368
2023-04-24,4137.04,0.0008515744450250381,0.0008512120612239251
2023-04-25,4071.63,-0.0158108212635121,-0.0159371455949679
2023-04-26,4055.9900000000002,-0.0038412134697898303,-0.00384860987711178
2023-04-27,4135.35,0.0195661231906392,0.0193771673800021
2023-04-28,4169.4800000000005,0.00825323128634792,0.00821935961257037
2023-05-01,4167.87,-0.000386139278758857,-0.00038621384972729503
2023-05-02,4119.58,-0.011586253889876599,-0.011653897528004
2023-05-03,4090.75,-0.0069982862330625305,-0.007022889090581161
2023-05-04,4061.2200000000003,-0.00721872517264566,-0.0072449062412514404
2023-05-05,4136.25,0.0184747440424307,0.0183061591680684
2023-05-08,4138.12,0.00045210033242670805,0.000451998165863283
2023-05-09,4119.17,-0.00457937420857779,-0.004589891663841041
2023-05-10,4137.64,0.004483913021312571,0.00447389023302669
2023-05-11,4130.62,-0.00169661932889287,-0.0016980602174566802
2023-05-12,4124.08,-0.00158329742266294,-0.00158455216261984
2023-05-15,4136.28,0.0029582355337431903,0.00295386856523448
2023-05-16,4109.900000000001,-0.0063777113735047405,-0.00639813586199316
2023-05-17,4158.77,0.0118908002627802,0.0118206601644479
2023-05-18,4198.05,0.00944510035419111,0.009400774284705671
2023-05-19,4191.9800000000005,-0.0014459094103216302,-0.00144695574605914
2023-05-22,4192.63,0.000155057991688912,0.000155045971441059
2023-05-23,4145.58,-0.0112220730186064,-0.01128551556449
2023-05-24,4115.24,-0.007318638164020561,-0.00734555078586715
2023-05-25,4151.28,0.00875769092446621,0.00871956478556325
2023-05-26,4205.45,0.0130489873003026,0.0129645827353136
2023-05-30,4205.52,1.66450677099306e-05,1.66449291823282e-05
2023-05-31,4179.83,-0.006108638170785221,-0.006127372232971851
2023-06-01,4221.02,0.009854467765435531,0.00980622914966534
2023-06-02,4282.37,0.0145344016375188,0.0144297896521437
2023-06-05,4273.79,-0.00200356344734343,-0.00200557326556811
2023-06-06,4283.85,0.0023538826194080503,0.00235111657749003
2023-06-07,4267.52,-0.00381199154965739,-0.0038192757067673903
2023-06-08,4293.93,0.006188606028794121,0.00616953524709693
2023-06-09,4298.86,0.0011481323635922401,0.0011474737636884501
2023-06-12,4338.93,0.009321075820101221,0.00927790266568443
2023-06-13,4369.01,0.006932584761680791,0.00690866488336583
2023-06-14,4372.59,0.0008194076003487091,0.000819072069219616
2023-06-15,4425.84,0.0121781369851734,0.012104580063652599
2023-06-16,4409.59,-0.0036716193988033403,-0.0036783763376504303
2023-06-20,4388.71,-0.00473513410543835,-0.004746380368690651
2023-06-21,4365.6900000000005,-0.00524527708597755,-0.0052590818461865805
2023-06-22,4381.89,0.00371075362657458,0.0037038857650539504
2023-06-23,4348.33,-0.0076587956338476405,-0.0076882748223071505
2023-06-26,4328.82,-0.00448677998220015,-0.0044968757892661
2023-06-27,4378.41,0.0114557777870181,0.0113906572305121
2023-06-28,4376.86,-0.000354009788941734,-0.00035407246519950905
2023-06-29,4396.4400000000005,0.00447352668351275,0.00446355020531417
2023-06-30,4450.38,0.0122690176597431,0.012194363266362699
2023-07-03,4455.59,0.00117068654811492,0.0011700018289601802
2023-07-05,4446.82,-0.0019683139606652103,-0.0019702536362673903
2023-07-06,4411.59,-0.00792251541551037,-0.007954065287478301
2023-07-07,4398.95,-0.00286518012779979,-0.00286929261360235
2023-07-10,4409.53,0.0024051194034939703,0.0024022317330228203
2023-07-11,4439.26,0.00674221515671758,0.0067195880716203905
2023-07-12,4472.16,0.007411145100759911,0.00738381750105289
2023-07-13,4510.04,0.008470179957783321,0.00843450926676954
2023-07-14,4505.42,-0.00102438115848191,-0.00102490619545012
2023-07-17,4522.79,0.00385535643735757,0.0038479435973795403
2023-07-18,4554.9800000000005,0.00711728822253521,0.007092079866132411
2023-07-19,4565.72,0.0023578588709500803,0.00235508348351421
2023-07-20,4534.87,-0.006756875147840961,-0.00677980618185159
2023-07-21,4536.34,0.00032415482692993403,0.00032410230010493303
2023-07-24,4554.64,0.00403408915557479,0.00402597403534175
2023-07-25,4567.46,0.00281471202992978,0.0028107581456501504
2023-07-26,4566.75,-0.000155447447815593,-0.00015545953102232801
2023-07-27,4537.41,-0.00642470027919206,-0.00644542749114129
2023-07-28,4582.2300000000005,0.00987788187534289,0.00982941450876758
2023-07-31,4588.96,0.0014687171966489801,0.00146763968645659
2023-08-01,4576.7300000000005,-0.0026650918726683903,-0.0026686495524480902
2023-08-02,4513.39,-0.013839575417383,-0.013936235197657
2023-08-03,4501.89,-0.00254797391760964,-0.00255122552767151
2023-08-04,4478.03,-0.005299996223808391,-0.00531409102745674
2023-08-07,4518.4400000000005,0.00902405745383561,0.00898358395525865
2023-08-08,4499.38,-0.00421827002239705,-0.004227192022498051
2023-08-09,4467.71,-0.00703874756077505,-0.00706363640400706
2023-08-10,4468.83,0.00025068771249703303,0.000250656295582881
2023-08-11,4464.05,-0.00106963120100778,-0.00107020366471397
2023-08-14,4489.72,0.005750383620255261,0.005733913274737531
2023-08-15,4437.86,-0.0115508316776994,-0.0116180607363658
2023-08-16,4404.33,-0.0075554433893813,-0.0075841303382104
2023-08-17,4370.36,-0.007712864385729601,-0.007742762356125071
2023-08-18,4369.71,-0.000148729166475903,-0.00014874022775515302
2023-08-21,4399.77,0.00687917504822977,0.00685562148126693
2023-08-22,4387.55,-0.0027774179104816904,-0.00278128209222998
2023-08-23,4436.01,0.0110448883773404,0.0109843390302715
2023-08-24,4376.31,-0.0134580399954012,-0.0135494202074993
2023-08-25,4405.71,0.0067179884423178605,0.006695523315478111
2023-08-28,4433.31,0.00626459753365527,0.00624505651115688
2023-08-29,4497.63,0.0145083470364129,0.0144041079841508
2023-08-30,4514.87,0.00383312989285467,0.00382580216990696
2023-08-31,4507.66,-0.0015969452055097902,-0.0015982216816604802
2023-09-01,4515.77,0.00179915965268029,0.0017975431036151802
2023-09-05,4496.83,-0.00419419058100845,-0.00420301086961027
2023-09-06,4465.4800000000005,-0.0069715777558858605,-0.006995992744252871
2023-09-07,4451.14,-0.0032113009127796603,-0.0032164682050082
2023-09-08,4457.49,0.0014266008258556602,0.00142558419766438
2023-09-11,4487.46,0.006723514803174121,0.00670101278298673
2023-09-12,4461.900000000001,-0.00569587249802794,-0.005712155841120611
2023-09-13,4467.4400000000005,0.00124162352361101,0.00124085334657119
2023-09-14,4505.1,0.008429883781315711,0.00839455074111183
2023-09-15,4450.32,-0.0121595525071587,-0.0122340846671076
2023-09-18,4453.53,0.000721296446098307,0.000721036436838388
2023-09-19,4443.95,-0.0021511026084926103,-0.0021534195529619
2023-09-20,4402.2,-0.00939479517096276,-0.00943920462311013
2023-09-21,4330.0,-0.016400890463859,-0.016536873951468
2023-09-22,4320.06,-0.00229561200923778,-0.00229825096594027
2023-09-25,4337.4400000000005,0.0040230922718664805,0.004015021275818631
2023-09-26,4273.53,-0.014734497768268899,-0.0148441287179614
2023-09-27,4274.51,0.000229318619501928,0.00022929233000634002
2023-09-28,4299.7,0.00589307312417087,0.0058757768874731905
2023-09-29,4288.05,-0.0027094913598622,-0.0027131686755154203
2023-10-02,4288.39,7.929012021778979e-05,7.92869769223615e-05
2023-10-03,4229.45,-0.0137440857757808,-0.0138394101614838
2023-10-04,4263.75,0.00810980151083474,0.00807709378700013
2023-10-05,4258.1900000000005,-0.00130401641747302,-0.00130486738674726
2023-10-06,4308.5,0.0118148790918209,0.0117456283337133
2023-10-09,4335.66,0.006303818034118611,0.00628403208104552
2023-10-10,4358.24,0.00520797294990838,0.0051944583608864205
2023-10-11,4376.95,0.0042930173648079205,0.00428382865456899
2023-10-12,4349.61,-0.00624635876580726,-0.0062659488852716
2023-10-13,4327.78,-0.00501884076963222,-0.00503147744968867
2023-10-16,4373.63,0.0105943462930187,0.0105386194537476
2023-10-17,4373.2,-9.8316501395912e-05,-9.83213347799389e-05
2023-10-18,4314.6,-0.0133997987743527,-0.013490386223826199
2023-10-19,4278.0,-0.008482825754415281,-0.008519009694152471
2023-10-20,4224.16,-0.0125853202431043,-0.012665186185758
2023-10-23,4217.04,-0.0016855422143100501,-0.00168696433884679
2023-10-24,4247.68,0.00726575986948208,0.007239491399759401
2023-10-25,4186.77,-0.0143395924363416,-0.014443397939346899
2023-10-26,4137.2300000000005,-0.0118325105033238,-0.0119030718197409
2023-10-27,4117.37,-0.004800313253070181,-0.00481187176120867
2023-10-30,4166.82,0.0120100938220271,0.0119385449479703
2023-10-31,4193.8,0.00647496172140882,0.006454089207465981
2023-11-01,4237.86,0.0105059850255138,0.0104511806797373
2023-11-02,4317.78,0.0188585748467387,0.0186829564307358
2023-11-03,4358.34,0.00939371621527729,0.009349869637436971
2023-11-06,4365.9800000000005,0.00175296098973443,0.0017514263468030502
2023-11-07,4378.38,0.00284014127412413,0.0028361156932399803
2023-11-08,4382.78,0.0010049378994056999,0.0010044332873557602
2023-11-09,4347.35,-0.008083910212239531,-0.008116762182438
2023-11-10,4415.24,0.0156164099968945,0.0154957286509859
2023-11-13,4411.55,-0.0008357416584374721,-0.0008360910851978611
2023-11-14,4495.7,0.019074928313177898,0.0188952827572981
2023-11-15,4502.88,0.00159708165580441,0.00159580767714834
2023-11-16,4508.24,0.00119034928756689,0.0011896413835666801
2023-11-17,4514.02,0.00128209678278002,0.0012812755985166702
2023-11-20,4547.38,0.007390308416887811,0.007363133890926981
2023-11-21,4538.1900000000005,-0.00202094392815211,-0.00202298879083217
2023-11-22,4556.62,0.00406109043473291,0.00405286646497772
2023-11-24,4559.34,0.0005969336920788051,0.0005967555980324691
2023-11-27,4550.43,-0.00195423021753149,-0.0019561422168003
2023-11-28,4554.89,0.000980127152818477,0.0009796471418229002
2023-11-29,4550.58,-0.000946235803718776,-0.000946683767425388
2023-11-30,4567.8,0.00378413301161618,0.0037769911916856105
2023-12-01,4594.63,0.00587372476903547,0.005856541700615301
2023-12-04,4569.78,-0.00540848773459457,-0.0054231665551196006
2023-12-05,4567.18,-0.000568955179461428,-0.000569117095877915
2023-12-06,4549.34,-0.0039061302598102404,-0.00391377911138442
2023-12-07,4585.59,0.0079681887922205,0.007936610413312941
2023-12-08,4604.37,0.0040954381006588205,0.00408707462100659
2023-12-11,4622.4400000000005,0.00392453256362968,0.003916851675081131
2023-12-12,4643.7,0.004599302532861451,0.00458875806008574
2023-12-13,4707.09,0.0136507526325991,0.0135584204292982
2023-12-14,4719.55,0.00264707069548287,0.00264357337426093
2023-12-15,4719.1900000000005,-7.62784587514664e-05,-7.62813681010493e-05
2023-12-18,4740.56,0.004528319478554811,0.004518097487249541
2023-12-19,4768.37,0.00586639553132962,0.00584925523490143
2023-12-20,4698.35,-0.014684263175886,-0.01479314417452
2023-12-21,4746.75,0.0103014888205433,0.0102487900924941
2023-12-22,4754.63,0.0016600832148312402,0.0016587067997896202
2023-12-26,4774.75,0.004231664714183791,0.00422273639994984
2023-12-27,4781.58,0.00143044138436577,0.0014294192776817501
2023-12-28,4783.35,0.000370170529406799,0.000370102033199375
2023-12-29,4769.83,-0.0028264709879060003,-0.0028304729998547503
2024-01-02,4742.83,-0.0056605790982068305,-0.005676660892965471
2024-01-03,4704.81,-0.00801631093671906,-0.00804861430897457
2024-01-04,4688.68,-0.0034284062480738303,-0.00343429669986941
2024-01-05,4697.24,0.0018256737503945502,0.0018240092336748502
2024-01-08,4763.54,0.0141146715943832,0.014015987132365
2024-01-09,4756.5,-0.0014778924917183702,-0.00147898565200858
2024-01-10,4783.45,0.00566593083149369,0.005649939819610991
2024-01-11,4780.24,-0.0006710637719637981,-0.0006712890360401641
2024-01-12,4783.83,0.000751008317574131,0.00075072645194106
2024-01-16,4765.9800000000005,-0.0037313198838587703,-0.0037382986232447003
2024-01-17,4739.21,-0.00561689306291668,-0.00563272712675561
2024-01-18,4780.9400000000005,0.008805265012522991,0.008766724739532071
2024-01-19,4839.81,0.0123134781026326,0.0122382838702302
2024-01-22,4850.43,0.0021943010159488604,0.00219189705351041
2024-01-23,4864.6,0.0029213904746590003,0.00291713150622995
2024-01-24,4868.55,0.00081198865271559,0.0008116591682758741
2024-01-25,4894.16,0.0052602931057501605,0.005246506091991601
2024-01-26,4890.97,-0.00065179724406228,-0.000652009756234213
2024-01-29,4927.93,0.00755678321478159,0.007528373761456541
2024-01-30,4924.97,-0.0006006578827215671,-0.0006008383499372601
2024-01-31,4845.650000000001,-0.0161056818620217,-0.0162367879639874
2024-02-01,4906.1900000000005,0.0124936798984656,0.0124162779034858
2024-02-02,4958.61,0.0106844618736739,0.0106277863518032
2024-02-05,4942.81,-0.0031863768273768804,-0.0031914641356150402
2024-02-06,4954.2300000000005,0.00231042666013859,0.0023077617284261603
2024-02-07,4995.06,0.00824144216154688,0.00820766692133105
2024-02-08,4997.91,0.000570563716952188,0.000570401007362488
2024-02-09,5026.61,0.00574240032333506,0.00572597559086019
2024-02-12,5021.84,-0.0009489496897510111,-0.000949400227555541
2024-02-13,4953.17,-0.0136742707852102,-0.0137686247612121
2024-02-14,5000.62,0.00957972369210025,0.009534129096895499
2024-02-15,5029.7300000000005,0.005821278161507901,0.0058043999917945805
2024-02-16,5005.57,-0.0048034387531735705,-0.0048150123419915605
2024-02-20,4975.51,-0.00600531008456573,-0.0060234144772223506
2024-02-21,4981.8,0.00126419201247718,0.0012633935945864801
2024-02-22,5087.03,0.0211228873098077,0.020902891694828
2024-02-23,5088.8,0.000347943692095454,0.000347883173726602
2024-02-26,5069.53,-0.0037867473667663205,-0.0037939352461026604
2024-02-27,5078.18,0.0017062725735916802,0.00170481854428924
2024-02-28,5069.76,-0.00165807434947163,-0.00165945047610303
2024-02-29,5096.27,0.00522904437290928,0.00521542039334016
2024-03-01,5137.08,0.008007817482197591,0.0079759250577917
2024-03-04,5130.95,-0.00119328490115012,-0.0011939974324694201
2024-03-05,5078.650000000001,-0.010193044173106399,-0.0102453489815744
2024-03-06,5104.76,0.0051411300247115,0.005127959537251651
2024-03-07,5157.36,0.0103041083224285,0.0102513828813974
2024-03-08,5123.6900000000005,-0.006528533978624741,-0.00654993806564546
2024-03-11,5117.9400000000005,-0.00112223807451273,-0.00112286825517995
2024-03-12,5175.27,0.0112017725881899,0.0111394973640123
2024-03-13,5165.31,-0.0019245372705192201,-0.0019263915718686902
2024-03-14,5150.4800000000005,-0.0028710764697570403,-0.0028752059156686
2024-03-15,5117.09,-0.00648289091502141,-0.006503996116926491
2024-03-18,5149.42,0.00631804404456449,0.00629816887515886
2024-03-19,5178.51,0.00564917990764013,0.005633283131890101
2024-03-20,5224.62,0.00890410562111499,0.00886469782734107
2024-03-21,5241.53,0.00323659902538354,0.00323137251313781
2024-03-22,5234.18,-0.0014022623165372802,-0.0014032464064151601
2024-03-25,5218.1900000000005,-0.00305491977731009,-0.0030595955699421504
2024-03-26,5203.58,-0.00279982139400825,-0.00280374822525755
2024-03-27,5248.49,0.008630596627706271,0.00859356594070796
2024-03-28,5254.35,0.0011165116061955301,0.00111588877067109
2024-04-01,5243.77,-0.00201356970890787,-0.0020155996658250902
2024-04-02,5205.81,-0.007239066549448171,-0.00726539573446736
2024-04-03,5211.49,0.0010910886106099101,0.00109049380604882
2024-04-04,5147.21,-0.0123342844368884,-0.0124109830574575
2024-04-05,5204.34,0.0110992168572877,0.0110380725696564
2024-04-08,5202.39,-0.000374687280231489,-0.00037475749304958703
2024-04-09,5209.91,0.00144548947695178,0.0014444457627020401
2024-04-10,5160.64,-0.00945697718386684,-0.00950197833388736
2024-04-11,5199.06,0.007444813046443951,0.0074172372058720305
2024-04-12,5123.41,-0.0145507072432325,-0.0146576070294486
2024-04-15,5061.82,-0.012021290507689299,-0.0120941305633059
2024-04-16,5051.41,-0.00205657253715064,-0.00205869018634851
2024-04-17,5022.21,-0.005780564238499711,-0.00579733636609662
2024-04-18,5011.12,-0.00220819121462468,-0.00221063286392609
2024-04-19,4967.2300000000005,-0.008758521049186731,-0.008797102336546191
2024-04-22,5010.6,0.00873122444501284,0.008693327734887771
2024-04-23,5070.55,0.0119646349738554,0.0118936245766508
2024-04-24,5071.63,0.000212994645551357,0.00021297196541228102
2024-04-25,5048.42,-0.0045764379499293505,-0.00458694190145745
2024-04-26,5099.96,0.0102091347391857,0.0101573735165603
2024-04-29,5116.17,0.0031784563016179503,0.0031734156874775403
2024-04-30,5035.6900000000005,-0.0157305171642069,-0.0158555547534457
2024-05-01,5018.39,-0.00343547756116824,-0.0034413923648739203
2024-05-02,5064.200000000001,0.00912842565045757,0.00908701340133743
2024-05-03,5127.79,0.0125567710595949,0.0124785886089991
2024-05-06,5180.74,0.0103260858966534,0.0102731360693768
2024-05-07,5187.700000000001,0.0013434374239973401,0.0013425358193505201
2024-05-08,5187.67,-5.78290957453653e-06,-5.7829262956225696e-06
2024-05-09,5214.08,0.00509091750246249,0.00507800259589135
2024-05-10,5222.68,0.00164938013992888,0.0016480214063461702
2024-05-13,5221.42,-0.000241255447394839,-0.000241284554171828
2024-05-14,5246.68,0.00483776443955852,0.00482610006171982
2024-05-15,5308.150000000001,0.0117159803914093,0.0116478796880459
2024-05-16,5297.1,-0.00208170454866563,-0.00208387430730016
2024-05-17,5303.27,0.0011647882803798,0.0011641104408194102
2024-05-20,5308.13,0.0009164157208665371,0.000915996068344354
2024-05-21,5321.41,0.0025018226757822504,0.0024986983273905103
2024-05-22,5307.01,-0.0027060497123881904,-0.00270971768354703
2024-05-23,5267.84,-0.007380803880150941,-0.00740817678564494
2024-05-24,5304.72,0.00700097193536631,0.006976578915071981
2024-05-28,5306.04,0.000248834999773795,0.00024880404548014004
2024-05-29,5266.95,-0.007367076011488781,-0.007394346936505551
2024-05-30,5235.4800000000005,-0.005974995016091,-0.0059929167225423
2024-05-31,5277.51,0.00802791721102958,0.007995864911522231
2024-06-03,5283.400000000001,0.00111605662518866,0.00111543429698598
2024-06-04,5291.34,0.00150282015368908,0.00150169204956555
2024-06-05,5354.03,0.0118476605169957,0.011778026448059
2024-06-06,5352.96,-0.00019984945919238102,-0.000199869431756599
2024-06-07,5346.99,-0.00111527080344342,-0.0011158931807151002
2024-06-10,5360.79,0.00258089130520167,0.0025775665246066002
2024-06-11,5375.32,0.0027104214117694703,0.00270675484345734
2024-06-12,5421.03,0.00850367978092459,0.00846772717188278
2024-06-13,5433.74,0.0023445728948188202,0.0023418286723054004
2024-06-14,5431.6,-0.00039383555341243603,-0.000393913127002162
2024-06-17,5473.2300000000005,0.007664408277487051,0.007635185920104081
2024-06-18,5487.03,0.00252136307080098,0.0025181897678469103
2024-06-20,5473.17,-0.0025259566650810404,-0.0025291522760688303
2024-06-21,5464.62,-0.0015621659842468601,-0.00156338743776919
2024-06-24,5447.87,-0.0030651719607218703,-0.0030698792218004103
2024-06-25,5469.3,0.00393364746221914,0.0039259309005764305
2024-06-26,5477.900000000001,0.0015724132887204902,0.00157117834134084
2024-06-27,5482.87,0.000907281987623021,0.0009068706560974761
2024-06-28,5460.4800000000005,-0.00408362773510962,-0.0040919885121458105
2024-07-01,5475.09,0.0026755889592124903,0.0026720159429361
2024-07-02,5509.01,0.00619533194888122,0.00617621977678353
2024-07-03,5537.02,0.00508439810419659,0.00507151619819727
2024-07-05,5567.1900000000005,0.0054487793072806,0.00543398841319718
2024-07-08,5572.85,0.0010166708878267502,0.00101615442799649
2024-07-09,5576.9800000000005,0.0007410929775606421,0.0007408185037586471
2024-07-10,5633.91,0.0102080337386901,0.0101562836421394
2024-07-11,5584.54,-0.00876300828376742,-0.00880162923017665
2024-07-12,5615.35,0.00551701662088555,0.00550185362877598
2024-07-15,5631.22,0.0028261818052302003,0.0028221956620428502
2024-07-16,5667.200000000001,0.006389379210899101,0.006369053660041411
2024-07-17,5588.27,-0.0139275127046865,-0.0140254105550219
2024-07-18,5544.59,-0.00781637250884448,-0.007847080469682731
2024-07-19,5505.0,-0.007140293511332721,-0.007165907407029401
2024-07-22,5564.41,0.0107920072661216,0.010734189165975
2024-07-23,5555.74,-0.00155811667364558,-0.0015593317997995
2024-07-24,5427.13,-0.0231490314521557,-0.0234211784438895
2024-07-25,5399.22,-0.005142681306694261,-0.005155950404248441
2024-07-26,5459.1,0.0110904908486782,0.0110294423124889
2024-07-29,5463.54,0.0008133208770675361,0.0008129903108684501
2024-07-30,5436.4400000000005,-0.0049601540393226,-0.0049724964337360305
2024-07-31,5522.3,0.015793423637527698,0.015670005291918098
2024-08-01,5446.68,-0.0136935697082737,-0.0137881914330532
2024-08-02,5346.56,-0.0183818399465362,-0.0185528852946029
2024-08-05,5186.33,-0.0299688023701222,-0.0304270454968822
2024-08-06,5240.03,0.0103541425246754,0.0103009055577195
2024-08-07,5199.5,-0.007734688541859441,-0.00776475638925118
2024-08-08,5319.31,0.0230426002500241,0.0227811285756076
2024-08-09,5344.16,0.00467165854217932,0.00466078021215072
2024-08-12,5344.39,4.30376336038041e-05,4.30367075114221e-05
2024-08-13,5434.43,0.0168475728754824,0.0167072266549331
2024-08-14,5455.21,0.0038237680860733203,0.0038164760676323703
2024-08-15,5543.22,0.0161332011049988,0.0160044440127859
2024-08-16,5554.25,0.0019898181923141403,0.00198784112632839
2024-08-19,5608.25,0.00972228473691317,0.00967532743617778
2024-08-20,5597.12,-0.00198457629385285,-0.0019865481747165102
2024-08-21,5620.85,0.004239680407066571,0.00423071828418462
2024-08-22,5570.64,-0.00893281265289059,-0.00897294942546447
2024-08-23,5634.61,0.0114834202174254,0.0114179862085024
2024-08-26,5616.84,-0.00315372315031559,-0.00315870661557479
2024-08-27,5625.8,0.0015952029967027902,0.0015939320118754602
2024-08-28,5592.18,-0.00597603896334742,-0.0059939669454233905
2024-08-29,5591.96,-3.93406506944416e-05,-3.93414245581364e-05
2024-08-30,5648.400000000001,0.0100930621821329,0.0100424673828567
2024-09-03,5528.93,-0.0211511224417533,-0.0213780124545814
2024-09-04,5520.07,-0.0016024800458679402,-0.0016037653903594401
2024-09-05,5503.41,-0.0030180776693048404,-0.00302264125018795
2024-09-06,5408.42,-0.0172602077620966,-0.0174109016708676
2024-09-09,5471.05,0.0115800917828128,0.0115135556900215
2024-09-10,5495.52,0.00447263322396996,0.004462660724490221
2024-09-11,5554.13,0.0106650508050192,0.0106085803030388
2024-09-12,5595.76,0.00749532329995883,0.007467372942030471
2024-09-13,5626.02,0.0054076658041089,0.005393096878371421
2024-09-16,5633.09,0.00125666101435828,0.0012558720767880001
2024-09-17,5634.58,0.00026450846693371104,0.000264473490736702
2024-09-18,5618.26,-0.00289640044155903,-0.0029006031263851704
2024-09-19,5713.64,0.0169767864071795,0.016834291247587
2024-09-20,5702.55,-0.0019409693295342502,-0.00194285545150178
2024-09-23,5718.57,0.0028092695373120903,0.0028053309143568302
2024-09-24,5732.93,0.00251111728981202,0.0025079697029956904
2024-09-25,5722.26,-0.00186117744329695,-0.0018629115860669902
2024-09-26,5745.37,0.0040386141140038604,0.004030480802872331
2024-09-27,5738.17,-0.00125318299778776,-0.00125396888824572
2024-09-30,5762.4800000000005,0.00423654231227011,0.00422759343285607
2024-10-01,5708.75,-0.009324110452443971,-0.00936785208383703
2024-10-02,5709.54,0.000138384059557684,0.00013837448536698
2024-10-03,5699.9400000000005,-0.00168139639970999,-0.0016828115331257501
2024-10-04,5751.07,0.00897026986248983,0.00893027598443789
2024-10-07,5695.9400000000005,-0.00958604224952919,-0.00963228410742117
2024-10-08,5751.13,0.00968935768284096,0.00964271689419271
2024-10-09,5792.04,0.007113384673968381,0.007088203896394331
2024-10-10,5780.05,-0.00207008238893369,-0.00207222797101466
2024-10-11,5815.03,0.00605185076253667,0.006033611862785231
2024-10-14,5859.85,0.00770761285840327,0.007678060962994171
2024-10-15,5815.26,-0.007609409797179171,-0.007638509068754151
2024-10-16,5842.47,0.004679068519722221,0.004668155706575991
2024-10-17,5841.47,-0.00017116048520571202,-0.00017117513483320902
2024-10-18,5864.67,0.0039716030382763706,0.0039637370431245406
2024-10-21,5853.9800000000005,-0.00182277945732678,-0.00182444274130904
2024-10-22,5851.200000000001,-0.000474890587258581,-0.000475003383505512
2024-10-23,5797.42,-0.00919127700300793,-0.00923377741195305
2024-10-24,5809.86,0.00214578208927407,0.0021434831869283502
2024-10-25,5808.12,-0.00029949086552860703,-0.00029953572187414203
2024-10-28,5823.52,0.0026514603692762203,0.0026479514493708
2024-10-29,5832.92,0.0016141440228589802,0.0016128426925638502
2024-10-30,5813.67,-0.0033002338451410002,-0.0033056916281390004
2024-10-31,5705.45,-0.0186147476550957,-0.0187901825995198
2024-11-01,5728.8,0.00409257814896291,0.00408422633023624
2024-11-04,5712.6900000000005,-0.00281210724759118,-0.0028160686495115003
2024-11-05,5782.76,0.0122656751897969,0.0121910613027481
2024-11-06,5929.04,0.0252958794762361,0.0249812338388965
2024-11-07,5973.1,0.0074312198939459105,0.007403744412989461
2024-11-08,5995.54,0.00375684318025815,0.0037498038697994303
2024-11-11,6001.35,0.000969053663222974,0.0009685844338363751
2024-11-12,5983.99,-0.0028926824797754803,-0.0028968743715661904
2024-11-13,5985.38,0.00023228648443596203,0.00023225951010763602
2024-11-14,5949.17,-0.00604974120273061,-0.006068115029117461
2024-11-15,5870.62,-0.0132035225081818,-0.0132914639605682
2024-11-18,5893.62,0.003917814472747421,0.00391015982410767
2024-11-19,5916.9800000000005,0.0039636081050356,0.003955773705267371
2024-11-20,5917.11,2.19706674688958e-05,2.19704261173163e-05
2024-11-21,5948.71,0.005340444913141781,0.00532623530517498
2024-11-22,5969.34,0.0034679787718681103,0.00346197920041007
2024-11-25,5987.37,0.0030204344198856404,0.00301588207225131
2024-11-26,6021.63,0.0057220449045241005,0.005705736188806681
2024-11-27,5998.74,-0.0038012963267422,-0.00380853961537488
2024-11-29,6032.38,0.005607844313972651,0.0055921788939180305
2024-12-02,6047.150000000001,0.0024484531809998403,0.0024454606033056004
2024-12-03,6049.88,0.00045145233705135,0.000451350463104703
2024-12-04,6086.49,0.0060513596963907,0.006033123750502111
2024-12-05,6075.11,-0.00186971472885034,-0.0018714648272306902
2024-12-06,6090.27,0.00249542806632319,0.0024923196558420003
2024-12-09,6052.85,-0.00614422677483917,-0.0061631802121963
2024-12-10,6034.91,-0.00296389304212075,-0.00296829407137457
2024-12-11,6084.1900000000005,0.00816582185981218,0.008132661932885081
2024-12-12,6051.25,-0.00541403210616365,-0.00542874109195645
2024-12-13,6051.09,-2.64408180127296e-05,-2.6441167577319998e-05
2024-12-16,6074.08,0.0037993154952247203,0.0037921163249597704
2024-12-17,6050.61,-0.0038639596449174802,-0.00387144402276301
2024-12-18,5872.16,-0.0294928941048919,-0.0299365545089876
2024-12-19,5867.08,-0.000865099043622752,-0.000865473457752836
2024-12-20,5930.85,0.0108691205846863,0.0108104762524107
2024-12-23,5974.07,0.007287319692792731,0.007260895475462541
2024-12-24,6040.04,0.011042722967759,0.010982197273832
2024-12-26,6037.59,-0.00040562645280495203,-0.000405708741467618
2024-12-27,5970.84,-0.0110557358151183,-0.0111173046755964
2024-12-30,5906.9400000000005,-0.0107020117772375,-0.0107596901911013
2024-12-31,5881.63,-0.00428479043294827,-0.00429399645413445
2025-01-02,5868.55,-0.00222387331403029,-0.00222634979255295
2025-01-03,5942.47,0.0125959564117202,0.0125172872726591
2025-01-06,5975.38,0.005538101159955341,0.00552282226248885
2025-01-07,5909.03,-0.0111038963212382,-0.0111660047698122
2025-01-08,5918.25,0.0015603237756451902,0.00155910773528289
2025-01-10,5827.04,-0.0154116504034132,-0.0155316443538942
2025-01-13,5836.22,0.0015754139322881101,0.00157417426957623
2025-01-14,5842.91,0.0011462898931156001,0.00114563340449236
2025-01-15,5949.91,0.0183127927693563,0.0181471329854267
2025-01-16,5937.34,-0.00211263699787045,-0.0021148717634665803
2025-01-17,5996.66,0.00999100607342673,0.009941425935724111
2025-01-21,6049.24,0.00876821430596375,0.008729996752231291
2025-01-22,6086.37,0.006137961132307581,0.006119200577442711
2025-01-23,6118.71,0.00531351199483443,0.0052994450977238905
2025-01-24,6101.24,-0.0028551769899211,-0.00285926078289648
2025-01-27,6012.28,-0.0145806426234667,-0.014687984883634299
2025-01-28,6067.700000000001,0.00921780090082303,0.00917557625467562
2025-01-29,6039.31,-0.00467887337871009,-0.0046898535700948905
2025-01-30,6071.17,0.00527543709463485,0.00526157072243562
2025-01-31,6040.53,-0.0050468031697350505,-0.00505958129142547
2025-02-03,5994.57,-0.00760860388078533,-0.00763769697311906
2025-02-04,6037.88,0.0072248718423506605,0.0071988974883324805
2025-02-05,6061.4800000000005,0.00390865668082174,0.0039010377290886905
2025-02-06,6083.57,0.0036443244884087904,0.0036377000274988203
2025-02-07,6025.99,-0.00946483725838609,-0.009509913482107741
2025-02-10,6066.4400000000005,0.006712589964470441,0.0066901608481496405
2025-02-11,6068.5,0.00033957312690802204,0.000339515485002488
2025-02-12,6051.97,-0.00272390211749196,-0.00272761868945116
2025-02-13,6115.07,0.010426357037460499,0.0103723774596224
2025-02-14,6114.63,-7.195338728738229e-05,-7.19559760565346e-05
2025-02-18,6129.58,0.00244495578636816,0.00244197174487947
2025-02-19,6144.150000000001,0.0023769980977488303,0.00237417750657946
2025-02-20,6117.52,-0.00433420408030394,-0.0043436239711486906
2025-02-21,6013.13,-0.0170641044083224,-0.0172113739912621
2025-02-24,5983.25,-0.00496912589616394,-0.00498151305485501
2025-02-25,5955.25,-0.00467973091547236,-0.0046907151383955605
2025-02-26,5956.06,0.000136014441039389,0.000136005191913971
2025-02-27,5861.57,-0.0158645144609021,-0.015991702852089
2025-02-28,5954.5,0.0158541141707769,0.0157297504318971
2025-03-03,5849.72,-0.017596775547905,-0.0177534393754934
2025-03-04,5778.150000000001,-0.012234773630191,-0.012310234603366499
2025-03-05,5842.63,0.0111592810847763,0.0110974756851012
2025-03-06,5738.52,-0.017819030128555,-0.017979700568310098
2025-03-07,5770.200000000001,0.005520587189728141,0.005505404600509011
2025-03-10,5614.56,-0.0269730685244878,-0.0273435183759844
2025-03-11,5572.07,-0.007567823658488071,-0.0075966049356515405
2025-03-12,5599.3,0.00488687328048654,0.00487497127523443
2025-03-13,5521.52,-0.013891022092047199,-0.0139884052253529
2025-03-14,5638.9400000000005,0.0212658833074948,0.0210429198814083
2025-03-17,5675.12,0.006416099479689571,0.00639560393434752
2025-03-18,5614.66,-0.010653519220739,-0.01071067425391
2025-03-19,5675.29,0.0107985167401055,0.0107406291189789
2025-03-20,5662.89,-0.0021849103746239803,-0.0021873007738032304
2025-03-21,5667.56,0.0008246672635350281,0.0008243274123172031
2025-03-24,5767.57,0.0176460416828406,0.0174921579446067
2025-03-25,5776.650000000001,0.0015743198608773,0.0015730819184730201
2025-03-26,5712.200000000001,-0.0111569854500445,-0.0112196914551083
2025-03-27,5693.31,-0.00330695703931927,-0.00331243710664936
2025-03-28,5580.9400000000005,-0.0197372003281046,-0.0199345803362658
2025-03-31,5611.85,0.00553849351542945,0.00552321245695001
2025-04-01,5633.07,0.0037812842467277504,0.0037741531622356604
2025-04-02,5670.97,0.00672812516088039,0.006705592339420831
2025-04-03,5396.52,-0.0483956007526049,-0.0496058775633951
2025-04-04,5074.08,-0.0597496164194704,-0.0616090736758802
2025-04-07,5062.25,-0.0023314571311449104,-0.00233417920908382
2025-04-08,4982.77,-0.0157005284211565,-0.0158250871968123
2025-04-09,5456.900000000001,0.0951539003405735,0.0908949016487148
2025-04-10,5268.05,-0.0346075610694716,-0.035220587845118
2025-04-11,5363.36,0.0180920834084717,0.0179303692521135
2025-04-14,5405.97,0.007944646639420181,0.00791325409315107
2025-04-15,5396.63,-0.0017277195396940802,-0.0017292137684181402
2025-04-16,5275.700000000001,-0.0224084289640016,-0.0226633127009964
2025-04-17,5282.700000000001,0.00132683814470114,0.00132595867282862
2025-04-21,5158.200000000001,-0.0235674938951672,-0.0238496492263886
2025-04-22,5287.76,0.025117288976775,0.0248070343139808
2025-04-23,5375.86,0.0166611192641117,0.0165238454747946
2025-04-24,5484.77,0.0202590841279351,0.0200565990896085
2025-04-25,5525.21,0.007373144179245281,0.0073460954265645
2025-04-28,5528.75,0.000640699629516295,0.000640494469134773
2025-04-29,5560.83,0.0058023965634184105,0.00578562749639468
2025-04-30,5569.06,0.00147999489284878,0.0014789007797954702
2025-05-01,5604.14,0.00629908817646063,0.00627933184172519
2025-05-02,5686.67,0.0147266128255181,0.0146192292434078
2025-05-05,5650.38,-0.0063815906321274,-0.0064020400278313305
2025-05-06,5606.91,-0.007693287885062631,-0.00772303388554656
2025-05-07,5631.28,0.00434642253933082,0.004337004125959751
2025-05-08,5663.9400000000005,0.00579974712676323,0.00578299334066613
2025-05-09,5659.91,-0.000711518836710834,-0.0007117720863733931
2025-05-12,5844.1900000000005,0.0325588216067039,0.0320400143094495
2025-05-13,5886.55,0.007248224304822421,0.00722208217371494
2025-05-14,5892.58,0.0010243691126381501,0.0010238448046247601
2025-05-15,5916.93,0.0041323155561741,0.0041238009887726804
2025-05-16,5958.38,0.007005322016653941,0.006980898743962981
2025-05-19,5963.6,0.000876077054501545,0.0008756935229845951
2025-05-20,5940.46,-0.0038802065866255803,-0.0038877541185178602
2025-05-21,5844.61,-0.016135114115742,-0.0162667024511486
2025-05-22,5842.01,-0.00044485431876539804,-0.00044495329580252304
2025-05-23,5802.82,-0.00670830758591656,-0.0067309094179872605
2025-05-27,5921.54,0.020459018201495198,0.020252543913121
2025-05-28,5888.55,-0.0055711858739449,-0.00558676281158256
2025-05-29,5912.17,0.00401117422795094,0.00400315091671718
2025-05-30,5911.6900000000005,-8.11884637959004e-05,-8.11917597576244e-05
2025-06-02,5935.9400000000005,0.00410204188649943,0.00409365145013465
2025-06-03,5970.37,0.0058002607843070705,0.0057835040361740005
2025-06-04,5970.81,7.369727504324959e-05,7.36945595324916e-05
2025-06-05,5939.3,-0.005277340930292531,-0.00529131528056298
2025-06-06,6000.36,0.0102806728065596,0.0102281861157
2025-06-09,6005.88,0.0009199448033119231,0.0009195219134283801
2025-06-10,6038.81,0.00548296003250148,0.0054679833266549505
2025-06-11,6022.24,-0.00274391808982244,-0.0027476895336661002
2025-06-12,6045.26,0.0038224979409655605,0.00381521075996413
2025-06-13,5976.97,-0.0112964537505418,-0.0113607433054092
2025-06-16,6033.11,0.00939271905329941,0.00934888175485518
2025-06-17,5982.72,-0.00835224287307868,-0.00838731829576237
2025-06-18,5980.87,-0.000309223898160127,-0.000309271717727947
2025-06-20,5967.84,-0.0021786128105107903,-0.00218098943986404
2025-06-23,6025.17,0.00960649079063791,0.009560641855696292
2025-06-24,6092.18,0.0111216778945658,0.0110602867969323
2025-06-25,6092.16,-3.2828970910614396e-06,-3.2829024797798896e-06
2025-06-26,6141.02,0.00802014392268102,0.007988153499777191
2025-06-27,6173.07,0.00521900270639075,0.00520543091210667
2025-06-30,6204.95,0.0051643671625301,0.005151077553744321
2025-07-01,6198.01,-0.0011184618731818802,-0.00111908781843689
2025-07-02,6227.42,0.00474507140194991,0.00473384903725729
2025-07-03,6279.35,0.00833892687501403,0.00830435011337231
2025-07-07,6229.9800000000005,-0.00786227873904155,-0.007893349417234121
2025-07-08,6225.52,-0.0007158931489344991,-0.0007161495227996761
2025-07-09,6263.26,0.0060621442064277,0.00604384333467684
2025-07-10,6280.46,0.00274617371784025,0.00274240987200435
2025-07-11,6259.75,-0.00329752916187664,-0.0033029779929136
2025-07-14,6268.56,0.0014074044490595102,0.0014064149836944002
2025-07-15,6243.76,-0.00395625151549961,-0.00396409818095213
2025-07-16,6263.700000000001,0.00319358847873708,0.00318849980625678
2025-07-17,6297.360000000001,0.00537382058527713,0.00535943313214732
2025-07-18,6296.79,-9.05141202026671e-05,-9.05182168528502e-05
2025-07-21,6305.6,0.00139912558621136,0.00139814772200532
2025-07-22,6309.62,0.000637528546054256,0.000637325411062391
2025-07-23,6358.91,0.00781188090566465,0.007781526146711811
2025-07-24,6363.35,0.0006982328732441091,0.0006979892220817071
2025-07-25,6388.64,0.00397432170161949,0.00396644494806323
2025-07-28,6389.77,0.00017687645570885202,0.00017686081491285802
2025-07-29,6370.860000000001,-0.0029594179446209602,-0.00296380568080819
2025-07-30,6362.900000000001,-0.0012494388512697102,-0.00125022005076638
2025-07-31,6339.39,-0.00369485611906506,-0.00370169896067898
2025-08-01,6238.01,-0.0159920749472742,-0.0161213280469445
2025-08-04,6329.9400000000005,0.014737071598153899,0.0146295361759399
2025-08-05,6299.1900000000005,-0.0048578659513360805,-0.00486970373527525
2025-08-06,6345.06,0.0072818886237755506,0.0072555036835153805
2025-08-07,6340.0,-0.000797470788298393,-0.000797788937281747
2025-08-08,6389.45,0.00779968454258673,0.0077694242484223405
2025-08-11,6373.45,-0.0025041278983324302,-0.00250726847062337
2025-08-12,6445.76,0.0113455036126431,0.011281626080988599
2025-08-13,6466.58,0.0032300302834731304,0.00322482494158642
2025-08-14,6468.54,0.000303096845627904,0.00030305092105848303
2025-08-15,6449.8,-0.00289709888166412,-0.0029013035955741404
2025-08-18,6449.150000000001,-0.000100778318707695,-0.00010078339718365901
2025-08-19,6411.37,-0.005858136343549151,-0.00587536253278121
2025-08-20,6395.78,-0.0024316175793941404,-0.00243457876270459
2025-08-21,6370.17,-0.00400420277120217,-0.004012241056242941
2025-08-22,6466.91,0.0151864078980624,0.0150722487331236
2025-08-25,6439.32,-0.0042663343080389105,-0.00427546108007672
2025-08-26,6465.9400000000005,0.00413397687954631,0.00412545547391587
2025-08-27,6481.400000000001,0.00239099032777901,0.0023881364585491504
2025-08-28,6501.860000000001,0.0031567253988336002,0.00315175340194978
2025-08-29,6460.26,-0.00639816913929236,-0.006418725150929161
2025-09-02,6415.54,-0.00692232201180765,-0.006946392429262101
2025-09-03,6448.26,0.00510011628015739,0.0050871547386881
2025-09-04,6502.08,0.008346437643643291,0.00831179874047244
2025-09-05,6481.5,-0.0031651410010334904,-0.0031701606545509503
2025-09-08,6495.150000000001,0.0021059939828742503,0.0021037794861457904
2025-09-09,6512.610000000001,0.00268815962679847,0.0026845529877440604
2025-09-10,6532.04,0.00298344289002417,0.0029790012563325704
2025-09-11,6587.47,0.00848586352808622,0.008450060989231581
2025-09-12,6584.29,-0.00048273464622994306,-0.00048285120011051905
2025-09-15,6615.28,0.0047066578173196,0.00469561613613663
2025-09-16,6606.76,-0.00128792734396721,-0.00128875743519689
2025-09-17,6600.35,-0.0009702183823840921,-0.0009706893488904
2025-09-18,6631.96,0.00478913996985009,0.0047777085223637
2025-09-19,6664.360000000001,0.004885433567150431,0.00487353856235327
2025-09-22,6693.75,0.00441002586895078,0.0044003301998515
2025-09-23,6656.92,-0.0055021475256769,-0.0055173400928317205
2025-09-24,6637.97,-0.00284666181958015,-0.00285072126708414
2025-09-25,6604.72,-0.00500906150524938,-0.00502164890546526
2025-09-26,6643.700000000001,0.005901839896316431,0.0058844922610819805
2025-09-29,6661.21,0.00263557957162419,0.00263211252223863
2025-09-30,6688.46,0.00409084835938223,0.00408250358961618
2025-10-01,6711.200000000001,0.00339988577340677,0.00339411922847027
2025-10-02,6715.35,0.0006183692931220901,0.000618178181611686
2025-10-03,6715.79,6.55215290341626e-05,6.55193825925374e-05
2025-10-06,6740.28,0.0036466298082578103,0.0036399969738822803
2025-10-07,6714.59,-0.0038114143626080104,-0.0038186963112343503
2025-10-08,6753.72,0.005827608238179851,0.005810693412793401
2025-10-09,6735.110000000001,-0.00275551844020783,-0.0027593218696984703
2025-10-10,6552.51,-0.0271116581614851,-0.027485959970572
2025-10-13,6654.72,0.015598602672868899,0.0154781949837818
2025-10-14,6644.31,-0.00156430323139067,-0.0015655280311626801
2025-10-15,6671.06,0.0040260011950075105,0.004017918538789441
2025-10-16,6629.07,-0.00629435202201756,-0.00631424497513883
2025-10-17,6664.01,0.0052707242494045604,0.005256882598063331
2025-10-20,6735.13,0.0106722528927778,0.0106157063653199
2025-10-21,6735.35,3.26645513895052e-05,3.26640179146636e-05
2025-10-22,6699.400000000001,-0.00533751030013296,-0.00535180569881708
2025-10-23,6738.4400000000005,0.005827387527241211,0.00581047398059543
2025-10-24,6791.6900000000005,0.00790242251915885,0.00787136190706858
2025-10-27,6875.16,0.0122900191263147,0.0122151099733648
2025-10-28,6890.89,0.0022879467532392903,0.0022853333884670104
2025-10-29,6890.59,-4.35357406662895e-05,-4.35366883741534e-05
2025-10-30,6822.34,-0.00990481221491923,-0.009954191197687631
2025-10-31,6840.200000000001,0.00261787011494574,0.0026144494615600103
2025-11-03,6851.97,0.0017207099207625601,0.0017192311955086502
2025-11-04,6771.55,-0.0117367705929827,-0.0118061901941921
2025-11-05,6796.29,0.00365352098116389,0.0036468630849652802
2025-11-06,6720.32,-0.0111781574947508,-0.0112411026104227
2025-11-07,6728.8,0.0012618446740633202,0.0012610492171643002
2025-11-10,6832.43,0.0154009630246106,0.0152835719496658
2025-11-11,6846.610000000001,0.0020753963084874103,0.0020732456487022903
2025-11-12,6850.92,0.000629508618133601,0.0006293105606983311
2025-11-13,6737.49,-0.0165569003871013,-0.0166954978211988
2025-11-14,6734.110000000001,-0.0005016705034071031,-0.000501796382155628
2025-11-17,6672.41,-0.00916230949598385,-0.009204541614054111
2025-11-18,6617.32,-0.008256387122493991,-0.00829065986303046
2025-11-19,6642.16,0.00375378552042216,0.0037467576494783304
2025-11-20,6538.76,-0.015567225119539299,-0.0156896667483885
2025-11-21,6602.99,0.009822963375318851,0.0097750317023567
2025-11-24,6705.12,0.0154672352979484,0.0153488369170487
2025-11-25,6765.88,0.009061731930226411,0.00902092079851215
2025-11-26,6812.610000000001,0.00690671427811296,0.006882972184269541
2025-11-28,6849.09,0.005354775922884251,0.0053404900859037605
2025-12-01,6812.63,-0.005323334924785651,-0.00533755435779911
2025-12-02,6829.37,0.0024572008167183003,0.0024541868350872
2025-12-03,6849.72,0.00297977705117747,0.0029753463150951004
2025-12-04,6857.12,0.0010803361305278302,0.0010797529874063002
2025-12-05,6870.400000000001,0.0019366731222436602,0.0019348001886360401
2025-12-08,6846.51,-0.00347723567768976,-0.0034832953129334504
2025-12-09,6840.51,-0.000876358904025598,-0.0008767431309868111
2025-12-10,6886.68,0.006749496748049481,0.00672682087152602
2025-12-11,6901.0,0.0020793764194067003,0.0020772175085341203
2025-12-12,6827.41,-0.010663671931604099,-0.0107209363442459
2025-12-15,6816.51,-0.0015965058492165602,-0.0015977816227138902
2025-12-16,6800.26,-0.00238391786999503,-0.00238676392627648
2025-12-17,6721.43,-0.0115922038275007,-0.0116599172293245
2025-12-18,6774.76,0.00793432349961232,0.00790301226815971
2025-12-19,6834.5,0.00881802454994718,0.008779372826506851
2025-12-22,6878.49,0.006436462067451971,0.006415836501950421
2025-12-23,6909.79,0.0045504173154282705,0.00454009546718896
2025-12-24,6932.05,0.0032215161386959204,0.00321633817319928
2025-12-26,6929.9400000000005,-0.00030438326324833104,-0.00030442959723623605
2025-12-29,6905.74,-0.0034920937266411703,-0.00349820531825438
2025-12-30,6896.24,-0.00137566719859128,-0.00137661429740675
2025-12-31,6845.5,-0.00735763256499189,-0.00738483344833818
2026-01-02,6858.47,0.0018946753341611,0.0018928827007984902
2026-01-05,6902.05,0.00635418686675004,0.0063340841341209
2026-01-06,6944.82,0.0061967096732129506,0.0061775890172727005
2026-01-07,6920.93,-0.0034399739662078804,-0.0034459042806426502
2026-01-08,6921.46,7.65793036485718e-05,7.65763716033865e-05
2026-01-09,6966.28,0.00647551239189426,0.006454636335169831
2026-01-12,6977.27,0.0015775995222702102,0.0015763564193844901
2026-01-13,6963.74,-0.0019391538524380402,-0.00194103644542173
2026-01-14,6926.6,-0.0053333409920530706,-0.005347614026380561
2026-01-15,6944.47,0.00257990933502716,0.0025765870817866503
2026-01-16,6940.01,-0.0006422376365654571,-0.0006424439595000001
2026-01-20,6796.860000000001,-0.0206267714311652,-0.02084247460984
2026-01-21,6875.62,0.011587703733783,0.0115210804746559
2026-01-22,6913.35,0.0054875051268104,0.00547250362607025
2026-01-23,6915.610000000001,0.000326903744204854,0.00032685032281798404
2026-01-26,6950.2300000000005,0.00500606598694842,0.00499357730073253
2026-01-27,6978.6,0.00408187930471371,0.00407357103660914
2026-01-28,6978.03,-8.16782735792998e-05,-8.16816094311329e-05
2026-01-29,6969.01,-0.00129262843524602,-0.00129346460002641
2026-01-30,6939.03,-0.00430190227880289,-0.00431118208385021
2026-02-02,6976.4400000000005,0.0053912434446890005,0.005376762714527651
2026-02-03,6917.81,-0.008403999747722211,-0.00843951245945275
2026-02-04,6882.72,-0.00507241453581409,-0.00508532289997643
2026-02-05,6798.400000000001,-0.0122509705465282,-0.0123266322742918
2026-02-06,6932.3,0.0196958107790068,0.0195043580918789
2026-02-09,6964.82,0.00469108376729221,0.004680114924300481
2026-02-10,6941.81,-0.00330374654334198,-0.0033092159636613203
2026-02-11,6941.47,-4.8978580514336096e-05,-4.89797800041771e-05
2026-02-12,6832.76,-0.0156609478972033,-0.015784876133702
2026-02-13,6836.17,0.000499066263120573,0.0004989417709712471
2026-02-17,6843.22,0.0010312792104350001,0.00103074780734865
2026-02-18,6881.31,0.005566093154976801,0.00555065970134696
2026-02-19,6861.89,-0.0028221370640183503,-0.0028261268009801103
2026-02-20,6909.51,0.0069397789821754605,0.00691580954717295
2026-02-23,6837.75,-0.0103856858156367,-0.0104399933920969
2026-02-24,6890.07,0.0076516397937918005,0.00762251447464257
2026-02-25,6946.13,0.008136346945677001,0.00810342532877554
2026-02-26,6908.860000000001,-0.0053655776669887505,-0.005380024077569771
2026-02-27,6878.88,-0.00433935555214604,-0.004348797881099041
2026-03-02,6881.62,0.000398320656851192,0.000398241348237829
2026-03-03,6816.63,-0.00944399719833411,-0.00948887451084259
2026-03-04,6869.5,0.007756031939536,0.00772610854873656
2026-03-05,6830.71,-0.005646699177523811,-0.00566270205404418
2026-03-06,6740.02,-0.013276804314631999,-0.0133657290489581
2026-03-09,6795.99,0.008304129661336201,0.00826984007594303
2026-03-10,6781.4800000000005,-0.00213508260018047,-0.0021373651385526303
2026-03-11,6775.8,-0.00083757527855266,-0.0008379262407114511
2026-03-12,6672.62,-0.015227722187786,-0.015344854576946199
2026-03-13,6632.1900000000005,-0.00605908923331466,-0.00607752000130834
2026-03-16,6699.38,0.0101308919074996,0.0100799184043581
2026-03-17,6716.09,0.00249426066292702,0.0024911551576874804
2026-03-18,6624.700000000001,-0.0136076199097988,-0.0137010521312226
2026-03-19,6606.49,-0.0027488037194136603,-0.00275258861791077
2026-03-20,6506.4800000000005,-0.0151381444609771,-0.0152538958294774
2026-03-23,6581.0,0.0114531974277952,0.0113881060932592
2026-03-24,6556.37,-0.0037425923111988903,-0.00374961333315914
2026-03-25,6591.900000000001,0.00541915724707409,0.00540452644837077
2026-03-26,6477.16,-0.017406210652467398,-0.0175594798990192
2026-03-27,6368.85,-0.0167218348782491,-0.0168632231562443
2026-03-30,6343.72,-0.00394576728922802,-0.0039535723670909104
2026-03-31,6528.52,0.029131172245937798,0.0287149241852723
